{
    "function_1": {
        "dim_10": {
            "trial_0": [
                12921.813489083901,
                2001
            ],
            "trial_1": [
                37226.491702102576,
                2001
            ],
            "trial_2": [
                40425.74722124547,
                2001
            ],
            "trial_3": [
                11181.876181323029,
                2001
            ],
            "trial_4": [
                11582.175131509872,
                2001
            ],
            "trial_5": [
                76565.563632398,
                2001
            ],
            "trial_6": [
                16559.257991245562,
                2001
            ],
            "trial_7": [
                41120.17210948149,
                2001
            ],
            "trial_8": [
                26709.101323945586,
                2001
            ],
            "trial_9": [
                24741.880497516137,
                2001
            ],
            "trial_10": [
                40970.3881103158,
                2001
            ],
            "trial_11": [
                37745.37147431565,
                2001
            ],
            "trial_12": [
                27596.654492420443,
                2001
            ],
            "trial_13": [
                21515.719318560063,
                2001
            ],
            "trial_14": [
                28779.782442968226,
                2001
            ],
            "trial_15": [
                26777.404970529667,
                2001
            ],
            "trial_16": [
                33194.17253350994,
                2001
            ],
            "trial_17": [
                3983.9408875754143,
                2001
            ],
            "trial_18": [
                44173.181487317175,
                2001
            ],
            "trial_19": [
                24274.395176236278,
                2001
            ]
        },
        "dim_20": {
            "trial_0": [
                47421.17468581545,
                10001
            ],
            "trial_1": [
                61731.164368871345,
                10001
            ],
            "trial_2": [
                77957.9734990247,
                10001
            ],
            "trial_3": [
                40233.2089598486,
                10001
            ],
            "trial_4": [
                59836.90013470902,
                10001
            ],
            "trial_5": [
                70598.20347327409,
                10001
            ],
            "trial_6": [
                62638.87464975086,
                10001
            ],
            "trial_7": [
                71641.42163847796,
                10001
            ],
            "trial_8": [
                42196.06408417584,
                10001
            ],
            "trial_9": [
                40132.673448003254,
                10001
            ],
            "trial_10": [
                54379.07932658474,
                10001
            ],
            "trial_11": [
                58706.008975474855,
                10001
            ],
            "trial_12": [
                70006.91090916954,
                10001
            ],
            "trial_13": [
                72255.22765503166,
                10001
            ],
            "trial_14": [
                80710.32416955612,
                10001
            ],
            "trial_15": [
                124749.8278622558,
                10001
            ],
            "trial_16": [
                55075.50882095841,
                10001
            ],
            "trial_17": [
                95649.39929596167,
                10001
            ],
            "trial_18": [
                68639.9631293037,
                10001
            ],
            "trial_19": [
                48956.15622891668,
                10001
            ]
        }
    },
    "function_2": {
        "dim_10": {
            "trial_0": [
                2655.8912865797556,
                2001
            ],
            "trial_1": [
                3505.06959563615,
                2001
            ],
            "trial_2": [
                2367.516891835564,
                2001
            ],
            "trial_3": [
                1423.7219226206244,
                2001
            ],
            "trial_4": [
                2962.9223858184873,
                2001
            ],
            "trial_5": [
                8329.493568802947,
                2001
            ],
            "trial_6": [
                1101.656356528007,
                2001
            ],
            "trial_7": [
                548.7789546181351,
                2001
            ],
            "trial_8": [
                3395.53504761117,
                2001
            ],
            "trial_9": [
                1032.4943462549204,
                2001
            ],
            "trial_10": [
                5380.086703399212,
                2001
            ],
            "trial_11": [
                4307.999793456596,
                2001
            ],
            "trial_12": [
                1241.7192113193203,
                2001
            ],
            "trial_13": [
                857.4083442155788,
                2001
            ],
            "trial_14": [
                2521.737828509331,
                2001
            ],
            "trial_15": [
                2574.434801037673,
                2001
            ],
            "trial_16": [
                1098.5001442532357,
                2001
            ],
            "trial_17": [
                2516.338637789816,
                2001
            ],
            "trial_18": [
                4021.6087663797825,
                2001
            ],
            "trial_19": [
                2767.81436898692,
                2001
            ]
        },
        "dim_20": {
            "trial_0": [
                1483.9629916048707,
                10001
            ],
            "trial_1": [
                630.9972012152864,
                10001
            ],
            "trial_2": [
                1084.2443876473294,
                10001
            ],
            "trial_3": [
                726.8733955064654,
                10001
            ],
            "trial_4": [
                1043.935825854819,
                10001
            ],
            "trial_5": [
                1578.8495260089458,
                10001
            ],
            "trial_6": [
                627.7200327517685,
                10001
            ],
            "trial_7": [
                1459.6950634073653,
                10001
            ],
            "trial_8": [
                1961.8511596903618,
                10001
            ],
            "trial_9": [
                493.4935222863347,
                10001
            ],
            "trial_10": [
                2184.616131621677,
                10001
            ],
            "trial_11": [
                444.1538847630118,
                10001
            ],
            "trial_12": [
                1509.1756615322959,
                10001
            ],
            "trial_13": [
                1827.4538971844095,
                10001
            ],
            "trial_14": [
                685.5387706458105,
                10001
            ],
            "trial_15": [
                1620.6377077597267,
                10001
            ],
            "trial_16": [
                573.1667106345196,
                10001
            ],
            "trial_17": [
                1683.0175230920622,
                10001
            ],
            "trial_18": [
                708.5115948272567,
                10001
            ],
            "trial_19": [
                1073.9656345945932,
                10001
            ]
        }
    }
}